<?xml version="1.0" encoding="UTF-8"?>
<!DOCTYPE suite SYSTEM "https://testng.org/testng-1.0.dtd">
<suite name="Suite" verbose="5">
	<test thread-count="5" name="LoginTest">
		<classes>
			<class name="testcase.LoginFunctionality" />

		</classes>
	</test> <!--Test -->
	<test thread-count="5" name="CreateLeadTest">
		<classes>

			<class name="testcase.CreateLeadFunctionality" />

		</classes>
	</test> <!--
	Test -->
	<test thread-count="5" name="CreateAccountTest">
		<classes>

			<class name="testcase.CreateAccountFunctionality" />
		</classes>
	</test> <!--
	Test -->
</suite> <!--
Suite -->
